%time,field.layout.dim0.label,field.layout.dim0.size,field.layout.dim0.stride,field.layout.dim1.label,field.layout.dim1.size,field.layout.dim1.stride,field.layout.data_offset,field.data0,field.data1,field.data2,field.data3,field.data4,field.data5,field.data6,field.data7,field.data8,field.data9,field.data10,field.data11,field.data12,field.data13,field.data14,field.data15
1622550699689811405,height,4,16,width,4,4,0,2.62566093312e-08,2.51243719163e-08,7.88110821048e-09,6.30873060459e-08,2.51243719163e-08,5.09530536874e-06,-1.65680006603e-07,7.96600616582e-08,7.88110821048e-09,-1.65680006603e-07,3.49742322214e-06,1.88316130334e-06,6.30873060459e-08,7.96600616582e-08,1.88316130334e-06,8.58780367707e-06
1622550700067186344,height,4,16,width,4,4,0,2.6637517081e-08,2.59127865831e-08,7.00610414128e-09,6.42471889023e-08,2.59127865831e-08,5.08706671098e-06,-1.37072248663e-07,4.22500718855e-08,7.00610414128e-09,-1.37072248663e-07,3.46480715052e-06,1.88350827557e-06,6.42471889023e-08,4.22500718855e-08,1.88350827557e-06,8.63164495968e-06
1622550700446336015,height,4,16,width,4,4,0,2.63317563309e-08,2.12684767575e-08,7.44302663946e-09,5.78293111175e-08,2.12684767575e-08,5.01568683831e-06,-1.22455062979e-07,1.00203919828e-07,7.44302663946e-09,-1.22455062979e-07,3.43715350937e-06,1.83690383437e-06,5.78293111175e-08,1.00203919828e-07,1.83690383437e-06,8.58561361383e-06
1622550700838989523,height,4,16,width,4,4,0,0.00228657969274,0.0137040428817,-0.00552695477381,-0.0306669082493,0.0137040428817,0.0837168544531,-0.039725523442,-0.187108173966,-0.00552695477381,-0.039725523442,0.130280733109,0.160105600953,-0.0306669082493,-0.187108173966,0.160105600953,0.478884130716
1622550701218443861,height,4,16,width,4,4,0,0.00238032336347,0.0167787428945,-0.00413908390328,-0.0298669170588,0.0167787428945,0.12012898922,-0.0297630708665,-0.209643945098,-0.00413908390328,-0.0297630708665,0.145403251052,0.168316066265,-0.0298669170588,-0.209643945098,0.168316066265,0.476888388395
1622550701616827245,height,4,16,width,4,4,0,0.00216144509614,0.0131970401853,-0.00183920329437,-0.0268775653094,0.0131970401853,0.0817022323608,-0.00891303829849,-0.160178720951,-0.00183920329437,-0.00891303829849,0.121452212334,0.143503606319,-0.0268775653094,-0.160178720951,0.143503606319,0.45939463377
1622550701995235078,height,4,16,width,4,4,0,0.000704595353454,0.00400254875422,-0.000149179060827,-0.00909825786948,0.00400254875422,0.0230064950883,-0.000982188503258,-0.0513081215322,-0.000149179060827,-0.000982188503258,0.0391008928418,0.043642655015,-0.00909825786948,-0.0513081215322,0.043642655015,0.163322940469
1622550702378301353,height,4,16,width,4,4,0,2.61605848095e-08,2.05428012379e-08,7.71641683883e-09,6.5745190625e-08,2.05428012379e-08,5.06653759658e-06,-1.06645593689e-07,1.22472911812e-07,7.71641683883e-09,-1.06645593689e-07,3.45945090885e-06,1.81441100722e-06,6.5745190625e-08,1.22472911812e-07,1.81441100722e-06,8.57161830936e-06
1622550702757063086,height,4,16,width,4,4,0,2.62412047647e-08,2.0577598292e-08,6.94039048454e-09,6.08293859727e-08,2.0577598292e-08,5.0372050282e-06,-1.46779626675e-07,9.38811552942e-08,6.94039048454e-09,-1.46779626675e-07,3.43102601619e-06,1.86962631687e-06,6.08293859727e-08,9.38811552942e-08,1.86962631687e-06,8.68737424753e-06
1622550703139674229,height,4,16,width,4,4,0,2.6635600392e-08,2.24586642616e-08,8.14170686425e-09,6.12301747083e-08,2.24586642616e-08,5.01556360177e-06,-1.17296856672e-07,6.48230198408e-08,8.14170686425e-09,-1.17296856672e-07,3.44189174939e-06,1.8570518705e-06,6.12301747083e-08,6.48230198408e-08,1.8570518705e-06,8.61411808728e-06
1622550703523120188,height,4,16,width,4,4,0,2.61125148171e-08,2.41633557607e-08,9.06294683745e-09,6.12033801417e-08,2.41633557607e-08,5.09631490786e-06,-1.3373394836e-07,1.13024427151e-07,9.06294683745e-09,-1.3373394836e-07,3.44738191416e-06,1.87182752143e-06,6.12033801417e-08,1.13024427151e-07,1.87182752143e-06,8.64837420522e-06
1622550703896784660,height,4,16,width,4,4,0,2.60788226569e-08,2.20584137622e-08,7.63552510108e-09,5.82184078723e-08,2.20584137622e-08,5.04539048052e-06,-1.8157747661e-07,1.19261386544e-07,7.63552510108e-09,-1.8157747661e-07,3.44855925505e-06,1.85703413536e-06,5.82184078723e-08,1.19261386544e-07,1.85703413536e-06,8.66873961058e-06
1622550704350839305,height,4,16,width,4,4,0,2.6326345548e-08,2.16221263116e-08,9.1519751777e-09,6.13890946966e-08,2.16221263116e-08,5.08370339958e-06,-1.15046368876e-07,9.86396315739e-08,9.1519751777e-09,-1.15046368876e-07,3.40879387295e-06,1.82054009201e-06,6.13890946966e-08,9.86396315739e-08,1.82054009201e-06,8.65212859935e-06
1622550704668501274,height,4,16,width,4,4,0,2.61571617699e-08,2.58304311274e-08,6.02141758677e-09,6.29121714724e-08,2.58304311274e-08,5.08453831571e-06,-1.56284102104e-07,1.75145487447e-07,6.02141758677e-09,-1.56284102104e-07,3.49452375303e-06,1.8965166646e-06,6.29121714724e-08,1.75145487447e-07,1.8965166646e-06,8.61756416271e-06
1622550705053992243,height,4,16,width,4,4,0,2.62276831364e-08,2.46143496696e-08,9.67471525115e-09,6.52313048022e-08,2.46143496696e-08,5.08410676048e-06,-1.57071184503e-07,1.57268104317e-07,9.67471525115e-09,-1.57071184503e-07,3.4409079035e-06,1.89807781226e-06,6.52313048022e-08,1.57268104317e-07,1.89807781226e-06,8.75722435012e-06
1622550705483967352,height,4,16,width,4,4,0,0.000183000985999,0.000402864970965,0.000467134057544,-0.00265100994147,0.000402864970965,0.000906766566914,0.000971041736193,-0.00587913347408,0.000467134057544,0.000971041736193,0.00713179400191,0.00591917894781,-0.00265100994147,-0.00587913347408,0.00591917894781,0.0660278275609
1622550705754215128,height,4,16,width,4,4,0,0.000284980895231,-0.000188116362551,0.00270310882479,-0.00197602668777,-0.000188116362551,0.000970023684204,-0.00439079292119,-0.00760253984481,0.00270310882479,-0.00439079292119,0.0362984538078,0.0171273108572,-0.00197602668777,-0.00760253984481,0.0171273108572,0.145108416677
1622550706139584996,height,4,16,width,4,4,0,6.10121205682e-05,-0.00025544888922,0.00135595852043,-0.000536620151252,-0.00025544888922,0.00794123113155,-0.0160504579544,-0.0230067204684,0.00135595852043,-0.0160504579544,0.0469925887883,0.0251540578902,-0.000536620151252,-0.0230067204684,0.0251540578902,0.112966313958
1622550706408108579,height,4,16,width,4,4,0,0.000229524433962,-0.000582641572692,0.00197939574718,0.000139885261888,-0.000582641572692,0.00714468862861,-0.00912262033671,0.0183369014412,0.00197939574718,-0.00912262033671,0.0204566717148,-0.012496445328,0.000139885261888,0.0183369014412,-0.012496445328,0.0652276277542
1622550706853598214,height,4,16,width,4,4,0,2.59389842938e-08,2.78495946304e-08,5.60274848738e-09,6.26428615647e-08,2.78495946304e-08,5.08934454047e-06,-1.05362815361e-07,1.63992282864e-07,5.60274848738e-09,-1.05362815361e-07,3.45554713022e-06,1.91761091628e-06,6.26428615647e-08,1.63992282864e-07,1.91761091628e-06,8.78548689798e-06
1622550707237453568,height,4,16,width,4,4,0,2.63184603e-08,2.57365169176e-08,7.36010763447e-09,6.6194637327e-08,2.57365169176e-08,5.07127469973e-06,-9.95852929009e-08,1.49533320837e-07,7.36010763447e-09,-9.95852929009e-08,3.47235595655e-06,1.9265633e-06,6.6194637327e-08,1.49533320837e-07,1.9265633e-06,8.81535015651e-06
1622550707611471653,height,4,16,width,4,4,0,2.63803112688e-08,2.69963624788e-08,5.43267208997e-09,6.49316334034e-08,2.69963624788e-08,5.02610555486e-06,-1.27550052298e-07,1.41193922332e-07,5.43267208997e-09,-1.27550052298e-07,3.46610590896e-06,1.93087726075e-06,6.49316334034e-08,1.41193922332e-07,1.93087726075e-06,8.88085378392e-06
1622550707989074308,height,4,16,width,4,4,0,2.59961794313e-08,2.60943018304e-08,5.20609955146e-09,6.25418579148e-08,2.60943018304e-08,5.14243947691e-06,-1.43804868458e-07,1.26751871221e-07,5.20609955146e-09,-1.43804868458e-07,3.45269040736e-06,1.93992673303e-06,6.25418579148e-08,1.26751871221e-07,1.93992673303e-06,8.83317170519e-06
1622550708377029265,height,4,16,width,4,4,0,2.60241321826e-08,2.34055441695e-08,8.55838599989e-09,5.82958286088e-08,2.34055441695e-08,5.05204980072e-06,-1.34425690135e-07,1.48058006744e-07,8.55838599989e-09,-1.34425690135e-07,3.45409716829e-06,1.95951338355e-06,5.82958286088e-08,1.48058006744e-07,1.95951338355e-06,8.89368766366e-06
1622550708762599420,height,4,16,width,4,4,0,2.59944545888e-08,2.68328008701e-08,5.69073188572e-09,6.02497181035e-08,2.68328008701e-08,5.03993078382e-06,-1.27001143824e-07,1.11320368035e-07,5.69073188572e-09,-1.27001143824e-07,3.47442482962e-06,1.93327036868e-06,6.02497181035e-08,1.11320368035e-07,1.93327036868e-06,8.75750902196e-06
1622550709152274668,height,4,16,width,4,4,0,2.64388386739e-08,2.90582402585e-08,9.95828397521e-09,6.6890784467e-08,2.90582402585e-08,5.12469387104e-06,-1.39307033464e-07,1.36088473823e-07,9.95828397521e-09,-1.39307033464e-07,3.44227669302e-06,1.91047138287e-06,6.6890784467e-08,1.36088473823e-07,1.91047138287e-06,8.82410495251e-06
1622550709533638875,height,4,16,width,4,4,0,2.64917190407e-08,2.29054855083e-08,7.93099985685e-09,6.15291426698e-08,2.29054855083e-08,5.05962225361e-06,-1.32182478296e-07,1.89985712495e-07,7.93099985685e-09,-1.32182478296e-07,3.48889238921e-06,1.95151278604e-06,6.15291426698e-08,1.89985712495e-07,1.95151278604e-06,8.90068895387e-06
1622550709922845331,height,4,16,width,4,4,0,2.61613326558e-08,2.6646940654e-08,8.27701729378e-09,6.42489865754e-08,2.6646940654e-08,5.04660056322e-06,-1.33885109221e-07,8.67165965701e-08,8.27701729378e-09,-1.33885109221e-07,3.46991396327e-06,1.91338699551e-06,6.42489865754e-08,8.67165965701e-08,1.91338699551e-06,8.84709425009e-06
1622550710301817509,height,4,16,width,4,4,0,0.000778283167165,0.00165172363631,0.00238477578387,-0.00803156197071,0.00165172363631,0.0129966484383,0.0156291909516,0.0351562984288,0.00238477578387,0.0156291909516,0.0192540772259,0.0345099642873,-0.00803156197071,0.0351562984288,0.0345099642873,0.378347992897
1622550710689903778,height,4,16,width,4,4,0,0.000582794018555,0.00060017593205,0.00210197689012,-0.0065462407656,0.00060017593205,0.00924102216959,0.0110628223047,0.0405138134956,0.00210197689012,0.0110628223047,0.0170104056597,0.0262254886329,-0.0065462407656,0.0405138134956,0.0262254886329,0.341360479593
1622550711067001345,height,4,16,width,4,4,0,0.000256388681009,-0.000517376873177,0.00157204363495,-0.00271239201538,-0.000517376873177,0.0137548502535,0.00217220978811,0.0587060973048,0.00157204363495,0.00217220978811,0.012245115824,0.00698643177748,-0.00271239201538,0.0587060973048,0.00698643177748,0.261803030968
1622550711454869283,height,4,16,width,4,4,0,2.62388102357e-08,2.8785825279e-08,6.25323526293e-09,6.25670466547e-08,2.8785825279e-08,5.07284721607e-06,-1.39850513392e-07,1.2607615929e-07,6.25323526293e-09,-1.39850513392e-07,3.47493255504e-06,1.96906967176e-06,6.25670466547e-08,1.2607615929e-07,1.96906967176e-06,8.93831474968e-06
1622550711841045922,height,4,16,width,4,4,0,2.63097881259e-08,2.42202915501e-08,8.36150615413e-09,6.21282438829e-08,2.42202915501e-08,5.10879317517e-06,-1.40505036939e-07,1.73274870008e-07,8.36150615413e-09,-1.40505036939e-07,3.46635852111e-06,1.938344667e-06,6.21282438829e-08,1.73274870008e-07,1.938344667e-06,8.96280107554e-06
1622550712232592065,height,4,16,width,4,4,0,2.57866847875e-08,2.07492814042e-08,7.61891705281e-09,6.289234733e-08,2.07492814042e-08,4.98303188579e-06,-1.12057612967e-07,1.81258471343e-07,7.61891705281e-09,-1.12057612967e-07,3.49900756191e-06,1.94568883671e-06,6.289234733e-08,1.81258471343e-07,1.94568883671e-06,8.83983193489e-06
1622550712611987772,height,4,16,width,4,4,0,2.6129688635e-08,2.54405581046e-08,8.14912581859e-09,6.52949765367e-08,2.54405581046e-08,5.02984630657e-06,-1.27677651562e-07,1.31666141101e-07,8.14912581859e-09,-1.27677651562e-07,3.50632399204e-06,1.95106008505e-06,6.52949765367e-08,1.31666141101e-07,1.95106008505e-06,8.79610161064e-06
1622550712999344910,height,4,16,width,4,4,0,2.6004261855e-08,2.56652139541e-08,7.77154340881e-09,5.99880962682e-08,2.56652139541e-08,5.12341875947e-06,-1.6867670638e-07,1.21413975762e-07,7.77154340881e-09,-1.6867670638e-07,3.4836937175e-06,1.89195293387e-06,5.99880962682e-08,1.21413975762e-07,1.89195293387e-06,8.82638596522e-06
1622550713423985456,height,4,16,width,4,4,0,2.60672834429e-08,2.51086422765e-08,5.59821700108e-09,6.27835419209e-08,2.51086422765e-08,5.06647529619e-06,-1.16573680486e-07,1.6015765425e-07,5.59821700108e-09,-1.16573680486e-07,3.46720571542e-06,1.87504576843e-06,6.27835419209e-08,1.6015765425e-07,1.87504576843e-06,8.73280350788e-06
1622550713714413252,height,4,16,width,4,4,0,2.62137760387e-08,2.41930138145e-08,8.5804705563e-09,6.03412431133e-08,2.41930138145e-08,5.09884966959e-06,-1.28007869193e-07,1.21715700629e-07,8.5804705563e-09,-1.28007869193e-07,3.42435714629e-06,1.82162602869e-06,6.03412431133e-08,1.21715700629e-07,1.82162602869e-06,8.78922037373e-06
1622550714144483884,height,4,16,width,4,4,0,2.61165506998e-08,2.52165897052e-08,7.66407559638e-09,5.72035645519e-08,2.52165897052e-08,5.07048844156e-06,-1.75387100398e-07,9.94416211597e-08,7.66407559638e-09,-1.75387100398e-07,3.48923163074e-06,1.84362704658e-06,5.72035645519e-08,9.94416211597e-08,1.84362704658e-06,8.62270189828e-06
1622550714527813683,height,4,16,width,4,4,0,0.00079620903125,0.00184279913083,0.00192342093214,-0.00835010409355,0.00184279913083,0.0165087841451,0.0185521245003,0.042167454958,0.00192342093214,0.0185521245003,0.021214729175,0.0520935989916,-0.00835010409355,0.042167454958,0.0520935989916,0.406258910894
1622550714910976110,height,4,16,width,4,4,0,0.00104213238228,0.00366113823839,0.00197707535699,-0.00904672872275,0.00366113823839,0.0261117890477,0.0218478515744,0.032901186496,0.00197707535699,0.0218478515744,0.0209306050092,0.0574497506022,-0.00904672872275,0.032901186496,0.0574497506022,0.405621796846
1622550715226449155,height,4,16,width,4,4,0,0.0011686104117,0.00523914443329,0.00184947031084,-0.00756111415103,0.00523914443329,0.0438754893839,0.0251857191324,0.0489101298153,0.00184947031084,0.0251857191324,0.0172752607614,0.0585408695042,-0.00756111415103,0.0489101298153,0.0585408695042,0.397636026144
1622550715561031477,height,4,16,width,4,4,0,0.00110231526196,0.00428341934457,0.00171549408697,-0.00971746537834,0.00428341934457,0.0280721765012,0.0205751042813,0.0203597526997,0.00171549408697,0.0205751042813,0.020067948848,0.0576107278466,-0.00971746537834,0.0203597526997,0.0576107278466,0.392279356718
1622550715924414948,height,4,16,width,4,4,0,2.65725166315e-08,2.30181580463e-08,6.75470079869e-09,6.37034887063e-08,2.30181580463e-08,5.07038748765e-06,-1.73062232989e-07,8.9203325615e-08,6.75470079869e-09,-1.73062232989e-07,3.45253988598e-06,1.96153177967e-06,6.37034887063e-08,8.9203325615e-08,1.96153177967e-06,9.00549639482e-06
1622550716313691096,height,4,16,width,4,4,0,2.64165933572e-08,2.14544968458e-08,6.43425090985e-09,6.35393107018e-08,2.14544968458e-08,4.99598991155e-06,-1.1880168671e-07,1.52808127041e-07,6.43425090985e-09,-1.1880168671e-07,3.4679133023e-06,1.91799654203e-06,6.35393107018e-08,1.52808127041e-07,1.91799654203e-06,8.92543539521e-06
1622550716691256482,height,4,16,width,4,4,0,2.60806469754e-08,2.6535218467e-08,6.97075641654e-09,6.34087840012e-08,2.6535218467e-08,5.06922924615e-06,-1.45202719182e-07,1.25896519876e-07,6.97075641654e-09,-1.45202719182e-07,3.46338106283e-06,1.90503646991e-06,6.34087840012e-08,1.25896519876e-07,1.90503646991e-06,8.83251505002e-06
1622550717073893878,height,4,16,width,4,4,0,2.58250274499e-08,2.28988525919e-08,7.8434858608e-09,6.4969967184e-08,2.28988525919e-08,5.04953459313e-06,-9.26192029738e-08,1.78467544742e-07,7.8434858608e-09,-9.26192029738e-08,3.45515582012e-06,1.89289028185e-06,6.4969967184e-08,1.78467544742e-07,1.89289028185e-06,8.81712367118e-06
1622550717467222050,height,4,16,width,4,4,0,2.61264325729e-08,2.45747759919e-08,6.82206646729e-09,6.18897644244e-08,2.45747759919e-08,5.04034142068e-06,-1.24291261727e-07,1.13671212887e-07,6.82206646729e-09,-1.24291261727e-07,3.48896696778e-06,1.88135811641e-06,6.18897644244e-08,1.13671212887e-07,1.88135811641e-06,8.73925364431e-06
1622550717850849996,height,4,16,width,4,4,0,2.65494737306e-08,2.11279189699e-08,7.7502697593e-09,6.0884772779e-08,2.11279189699e-08,5.07744425704e-06,-1.8109697919e-07,6.46609450428e-08,7.7502697593e-09,-1.8109697919e-07,3.47021591551e-06,1.87124680906e-06,6.0884772779e-08,6.46609450428e-08,1.87124680906e-06,8.69081031851e-06
1622550718243667836,height,4,16,width,4,4,0,2.5619639743e-08,1.8970929716e-08,9.031274395e-09,6.15674693449e-08,1.8970929716e-08,4.98635654367e-06,-1.3220531514e-07,6.94025743542e-08,9.031274395e-09,-1.3220531514e-07,3.41371901413e-06,1.82673272775e-06,6.15674693449e-08,6.94025743542e-08,1.82673272775e-06,8.55106645758e-06
1622550718639061756,height,4,16,width,4,4,0,2.58347157001e-08,2.49971812138e-08,7.97519383866e-09,6.00229483894e-08,2.49971812138e-08,5.08811899635e-06,-1.04049419747e-07,1.30418897015e-07,7.97519383866e-09,-1.04049419747e-07,3.41313011631e-06,1.86544684766e-06,6.00229483894e-08,1.30418897015e-07,1.86544684766e-06,8.51445565786e-06
1622550719014965953,height,4,16,width,4,4,0,0.000505716539919,0.000207020158996,0.00119725195691,-0.0105041917413,0.000207020158996,0.000192628926015,0.000434388697613,-0.00408315705135,0.00119725195691,0.000434388697613,0.0185067746788,0.0116953318939,-0.0105041917413,-0.00408315705135,0.0116953318939,0.30697876215
1622550719398183396,height,4,16,width,4,4,0,0.00121945363935,0.00396243669093,0.00123321299907,-0.0193251352757,0.00396243669093,0.01346804481,0.00074351625517,-0.0680219009519,0.00123321299907,0.00074351625517,0.034560777247,0.0437523946166,-0.0193251352757,-0.0680219009519,0.0437523946166,0.430771529675
1622550719777535296,height,4,16,width,4,4,0,0.00195243954659,0.00937189999968,0.00101736932993,-0.02581288293,0.00937189999968,0.0473230630159,-0.00422423845157,-0.13537171483,0.00101736932993,-0.00422423845157,0.0503350198269,0.057607524097,-0.02581288293,-0.13537171483,0.057607524097,0.446887254715
1622550720160800878,height,4,16,width,4,4,0,0.00097219197778,0.00486990110949,0.00158502906561,-0.0114825991914,0.00486990110949,0.0250997953117,0.0047522643581,-0.062125980854,0.00158502906561,0.0047522643581,0.0278377961367,0.0232408344746,-0.0114825991914,-0.062125980854,0.0232408344746,0.207162305713
1622550720547452052,height,4,16,width,4,4,0,2.65007820133e-08,2.20076721291e-08,8.15845702107e-09,6.3387631144e-08,2.20076721291e-08,5.08106859343e-06,-1.53108942413e-07,1.42339885656e-07,8.15845702107e-09,-1.53108942413e-07,3.42662337971e-06,1.82371559276e-06,6.3387631144e-08,1.42339885656e-07,1.82371559276e-06,8.5909568952e-06
1622550720923790937,height,4,16,width,4,4,0,2.64722537224e-08,2.73728986144e-08,5.83407144816e-09,6.13869275412e-08,2.73728986144e-08,5.06851984028e-06,-1.25861788547e-07,1.17401178557e-07,5.83407144816e-09,-1.25861788547e-07,3.40629094353e-06,1.81707741831e-06,6.13869275412e-08,1.17401178557e-07,1.81707741831e-06,8.63627701619e-06
1622550721311090857,height,4,16,width,4,4,0,2.6158277322e-08,2.23791829512e-08,1.03672057605e-08,6.42087911729e-08,2.23791829512e-08,5.11004782311e-06,-1.43583136492e-07,1.47918640891e-07,1.03672057605e-08,-1.43583136492e-07,3.42772591466e-06,1.80905226443e-06,6.42087911729e-08,1.47918640891e-07,1.80905226443e-06,8.48824038258e-06
1622550721698388993,height,4,16,width,4,4,0,2.62313388788e-08,2.35310970709e-08,1.10758637817e-08,6.99168722917e-08,2.35310970709e-08,5.05419393448e-06,-1.48957056467e-07,1.51431748918e-07,1.10758637817e-08,-1.48957056467e-07,3.39930033988e-06,1.81145946954e-06,6.99168722917e-08,1.51431748918e-07,1.81145946954e-06,8.47264618642e-06
1622550722077286598,height,4,16,width,4,4,0,2.65436295166e-08,2.44847129238e-08,9.66336166641e-09,6.22126705707e-08,2.44847129238e-08,5.10183372171e-06,-1.79583992121e-07,1.25680656993e-07,9.66336166641e-09,-1.79583992121e-07,3.43107126355e-06,1.77894696662e-06,6.22126705707e-08,1.25680656993e-07,1.77894696662e-06,8.54014069773e-06
1622550722454376723,height,4,16,width,4,4,0,2.61680845881e-08,2.168598634e-08,8.68477822991e-09,6.01942673484e-08,2.168598634e-08,5.05994785271e-06,-1.25169634657e-07,1.71533983462e-07,8.68477822991e-09,-1.25169634657e-07,3.39314033226e-06,1.8858970634e-06,6.01942673484e-08,1.71533983462e-07,1.8858970634e-06,8.65638685354e-06
1622550722854658570,height,4,16,width,4,4,0,2.61347530284e-08,2.3022014517e-08,6.340719505e-09,6.54399059385e-08,2.3022014517e-08,5.06663309352e-06,-1.364352471e-07,1.04545790691e-07,6.340719505e-09,-1.364352471e-07,3.46675665241e-06,1.81022414836e-06,6.54399059385e-08,1.04545790691e-07,1.81022414836e-06,8.58250677993e-06
1622550723222838095,height,4,16,width,4,4,0,2.62779664695e-08,2.48968863303e-08,7.26130044981e-09,6.26278264804e-08,2.48968863303e-08,5.0581643336e-06,-1.69517747395e-07,1.4307184415e-07,7.26130044981e-09,-1.69517747395e-07,3.35617073688e-06,1.77293748038e-06,6.26278264804e-08,1.4307184415e-07,1.77293748038e-06,8.5411938926e-06
1622550723609975732,height,4,16,width,4,4,0,0.00187651615124,0.0122172813863,0.00115081353579,-0.0216068495065,0.0122172813863,0.0883503183722,-0.0153343621641,-0.162136033177,0.00115081353579,-0.0153343621641,0.0679944902658,0.054864037782,-0.0216068495065,-0.162136033177,0.054864037782,0.320569574833
1622550723990463291,height,4,16,width,4,4,0,0.00144420051947,0.00841640215367,0.000649032590445,-0.0196868889034,0.00841640215367,0.0576735287905,-0.0167547073215,-0.133128523827,0.000649032590445,-0.0167547073215,0.0538812465966,0.042855232954,-0.0196868889034,-0.133128523827,0.042855232954,0.321116358042
1622550724382958967,height,4,16,width,4,4,0,0.00111845019273,0.00529956165701,0.00126454653218,-0.0167444180697,0.00529956165701,0.0303738806397,-0.00792955514044,-0.0962108746171,0.00126454653218,-0.00792955514044,0.0412097163498,0.0321568995714,-0.0167444180697,-0.0962108746171,0.0321568995714,0.319127112627
1622550724764396873,height,4,16,width,4,4,0,2.65911452857e-08,1.84600921216e-08,6.87363943541e-09,6.44869260213e-08,1.84600921216e-08,5.07257209392e-06,-1.17285495094e-07,1.20619674249e-07,6.87363943541e-09,-1.17285495094e-07,3.39865869137e-06,1.84991120022e-06,6.44869260213e-08,1.20619674249e-07,1.84991120022e-06,8.71983684192e-06
1622550725205451798,height,4,16,width,4,4,0,2.61388297673e-08,2.25052581015e-08,7.90478260626e-09,6.52023572911e-08,2.25052581015e-08,5.08027096657e-06,-1.54281494247e-07,1.3967439827e-07,7.90478260626e-09,-1.54281494247e-07,3.39231792168e-06,1.83753184047e-06,6.52023572911e-08,1.3967439827e-07,1.83753184047e-06,8.58962630446e-06
1622550725527190334,height,4,16,width,4,4,0,2.66340016708e-08,2.32327703742e-08,6.44072528644e-09,6.30320471373e-08,2.32327703742e-08,5.09670917381e-06,-1.11948978088e-07,1.88759457842e-07,6.44072528644e-09,-1.11948978088e-07,3.41271311299e-06,1.88335991425e-06,6.30320471373e-08,1.88759457842e-07,1.88335991425e-06,8.81411415321e-06
1622550725907616566,height,4,16,width,4,4,0,2.63292303515e-08,2.18444853317e-08,9.05401265072e-09,6.82361402937e-08,2.18444853317e-08,5.06252627019e-06,-1.59570717528e-07,1.42861622976e-07,9.05401265072e-09,-1.59570717528e-07,3.41000372828e-06,1.86105694411e-06,6.82361402937e-08,1.42861622976e-07,1.86105694411e-06,8.79695380718e-06
1622550726290472285,height,4,16,width,4,4,0,2.64900936742e-08,2.42281874563e-08,8.78612382849e-09,6.33299634956e-08,2.42281874563e-08,5.08943958266e-06,-1.49257147086e-07,9.66985780337e-08,8.78612382849e-09,-1.49257147086e-07,3.41042982654e-06,1.87479395208e-06,6.33299634956e-08,9.66985780337e-08,1.87479395208e-06,8.71894008014e-06
1622550726677279179,height,4,16,width,4,4,0,2.64048320986e-08,2.03093755147e-08,1.31733672859e-08,6.44978683795e-08,2.03093755147e-08,5.03104638483e-06,-1.22539574932e-07,8.83769075699e-08,1.31733672859e-08,-1.22539574932e-07,3.45333410223e-06,1.85240548944e-06,6.44978683795e-08,8.83769075699e-08,1.85240548944e-06,8.69476752996e-06
1622550727068090746,height,4,16,width,4,4,0,2.64610218181e-08,2.19342819463e-08,8.79849437752e-09,6.49574900535e-08,2.19342819463e-08,5.04749095853e-06,-1.13724446749e-07,1.70427043145e-07,8.79849437752e-09,-1.13724446749e-07,3.42980320056e-06,1.907037813e-06,6.49574900535e-08,1.70427043145e-07,1.907037813e-06,8.75206842466e-06
1622550727444652336,height,4,16,width,4,4,0,2.61887631581e-08,2.11114876691e-08,5.53736878572e-09,6.17044122464e-08,2.11114876691e-08,5.08567109136e-06,-1.5388783936e-07,4.82025335202e-08,5.53736878572e-09,-1.5388783936e-07,3.40602582583e-06,1.87175407973e-06,6.17044122464e-08,4.82025335202e-08,1.87175407973e-06,8.82556923898e-06
1622550727832188310,height,4,16,width,4,4,0,0.00159499549773,0.00707144057378,0.00223838514648,-0.0204239804298,0.00707144057378,0.0324704758823,0.00666951714084,-0.0957500562072,0.00223838514648,0.00666951714084,0.0260322000831,0.0178284477443,-0.0204239804298,-0.0957500562072,0.0178284477443,0.360207408667
1622550728225145259,height,4,16,width,4,4,0,0.00155066919979,0.0067798262462,0.00307243037969,-0.0187265537679,0.0067798262462,0.0306931957603,0.00940164458007,-0.0896546319127,0.00307243037969,0.00940164458007,0.0293276384473,0.0130745824426,-0.0187265537679,-0.0896546319127,0.0130745824426,0.337835162878
1622550728603848298,height,4,16,width,4,4,0,0.00134073046502,0.00535084446892,0.00265361694619,-0.0164343398064,0.00535084446892,0.0217278003693,0.00930439867079,-0.0678361430764,0.00265361694619,0.00930439867079,0.023321788758,0.00945854652673,-0.0164343398064,-0.0678361430764,0.00945854652673,0.302415549755
1622550728985711815,height,4,16,width,4,4,0,0.000728885701392,0.00280291959643,0.00134625716601,-0.00842135865241,0.00280291959643,0.0112428301945,0.00650607096031,-0.0276298578829,0.00134625716601,0.00650607096031,0.00911659933627,0.00541020277888,-0.00842135865241,-0.0276298578829,0.00541020277888,0.166274473071
1622550729378930759,height,4,16,width,4,4,0,2.62340353885e-08,2.14318376379e-08,6.68941879667e-09,6.61885479758e-08,2.14318376379e-08,5.01484964843e-06,-1.4154370831e-07,1.46341875507e-07,6.68941879667e-09,-1.4154370831e-07,3.44989121004e-06,1.92380821318e-06,6.61885479758e-08,1.46341875507e-07,1.92380821318e-06,8.76679496287e-06
1622550729756616228,height,4,16,width,4,4,0,2.60763002302e-08,2.80001000164e-08,1.05151123364e-08,6.5058586074e-08,2.80001000164e-08,5.04831041326e-06,-1.4813791438e-07,1.89962875652e-07,1.05151123364e-08,-1.4813791438e-07,3.46085448655e-06,1.90985588233e-06,6.5058586074e-08,1.89962875652e-07,1.90985588233e-06,8.80580864759e-06
1622550730141588744,height,4,16,width,4,4,0,2.62115946725e-08,2.44056117538e-08,7.45596118179e-09,6.85941401457e-08,2.44056117538e-08,5.05834805153e-06,-1.2619287304e-07,8.28581434575e-08,7.45596118179e-09,-1.2619287304e-07,3.46539650309e-06,1.89467709788e-06,6.85941401457e-08,8.28581434575e-08,1.89467709788e-06,8.78230002854e-06
1622550730537666282,height,4,16,width,4,4,0,2.65981014991e-08,2.34197798932e-08,8.07945355064e-09,6.5469308197e-08,2.34197798932e-08,5.08623270434e-06,-1.49580898778e-07,1.03492787673e-07,8.07945355064e-09,-1.49580898778e-07,3.45612920682e-06,1.84828263627e-06,6.5469308197e-08,1.03492787673e-07,1.84828263627e-06,8.73081808095e-06
1622550730907638258,height,4,16,width,4,4,0,2.63137565071e-08,2.28077716713e-08,5.10398701081e-09,6.21002769208e-08,2.28077716713e-08,5.09413575855e-06,-1.44329050045e-07,1.48984327097e-07,5.10398701081e-09,-1.44329050045e-07,3.48867956745e-06,1.94698941414e-06,6.21002769208e-08,1.48984327097e-07,1.94698941414e-06,8.85745521373e-06
1622550731290860547,height,4,16,width,4,4,0,2.61863011275e-08,2.53468570577e-08,8.21245738081e-09,6.20859523792e-08,2.53468570577e-08,5.07873392053e-06,-1.96426441335e-07,7.46380450778e-08,8.21245738081e-09,-1.96426441335e-07,3.48120897797e-06,1.91922367776e-06,6.20859523792e-08,7.46380450778e-08,1.91922367776e-06,8.75979094417e-06
1622550731675900797,height,4,16,width,4,4,0,2.63676103174e-08,2.77650151759e-08,5.96243543427e-09,5.97388876145e-08,2.77650151759e-08,5.10767449668e-06,-1.52914708451e-07,9.60802140071e-08,5.96243543427e-09,-1.52914708451e-07,3.38524250765e-06,1.90563014257e-06,5.97388876145e-08,9.60802140071e-08,1.90563014257e-06,8.7424996309e-06
1622550732056654706,height,4,16,width,4,4,0,2.63049511062e-08,2.46757991818e-08,8.5634850322e-09,6.19667162027e-08,2.46757991818e-08,5.0434532568e-06,-1.17380430709e-07,1.16385969307e-07,8.5634850322e-09,-1.17380430709e-07,3.41859390574e-06,1.92227912521e-06,6.19667162027e-08,1.16385969307e-07,1.92227912521e-06,8.82225140231e-06
1622550732450944286,height,4,16,width,4,4,0,0.00116426812019,0.0037445644848,0.002397705568,-0.0129443518817,0.0037445644848,0.0146522969007,0.0108463540673,-0.0233596973121,0.002397705568,0.0108463540673,0.00915343035012,-0.00319123826921,-0.0129443518817,-0.0233596973121,-0.00319123826921,0.279862105846
1622550732836130675,height,4,16,width,4,4,0,0.00145525485277,0.00536734098569,0.00238988362253,-0.0158406235278,0.00536734098569,0.0230721514672,0.0135746076703,-0.0358878262341,0.00238988362253,0.0135746076703,0.011540831998,0.00908426102251,-0.0158406235278,-0.0358878262341,0.00908426102251,0.337688177824
1622550733213578939,height,4,16,width,4,4,0,0.00156514067203,0.00624808482826,0.00279085338116,-0.0192181561142,0.00624808482826,0.0252501498908,0.0107882814482,-0.0766783207655,0.00279085338116,0.0107882814482,0.027277322486,0.0173265021294,-0.0192181561142,-0.0766783207655,0.0173265021294,0.358887642622
1622550733600002904,height,4,16,width,4,4,0,2.62837644982e-08,2.73391069783e-08,9.30941368438e-09,6.44723243681e-08,2.73391069783e-08,5.05459001943e-06,-1.36566200126e-07,1.48466170913e-07,9.30941368438e-09,-1.36566200126e-07,3.42877706316e-06,1.93241589841e-06,6.44723243681e-08,1.48466170913e-07,1.93241589841e-06,8.84763539943e-06
1622550733988362386,height,4,16,width,4,4,0,2.63566732883e-08,2.51844518573e-08,6.84022438691e-09,6.51846718824e-08,2.51844518573e-08,5.04909121446e-06,-1.19768031936e-07,1.66972014881e-07,6.84022438691e-09,-1.19768031936e-07,3.42957378052e-06,1.85848000456e-06,6.51846718824e-08,1.66972014881e-07,1.85848000456e-06,8.73703720572e-06
1622550734360019454,height,4,16,width,4,4,0,2.59769166178e-08,2.345387351e-08,7.18920123433e-09,6.28745482345e-08,2.345387351e-08,5.09582696395e-06,-1.84515286605e-07,1.35219806907e-07,7.18920123433e-09,-1.84515286605e-07,3.43757324117e-06,1.91083358914e-06,6.28745482345e-08,1.35219806907e-07,1.91083358914e-06,8.8856631919e-06
1622550734741109164,height,4,16,width,4,4,0,2.63729926786e-08,2.27192078484e-08,6.56088561257e-09,6.21289473202e-08,2.27192078484e-08,5.12817132403e-06,-1.32420140631e-07,1.69861706922e-07,6.56088561257e-09,-1.32420140631e-07,3.44146633324e-06,1.90540845324e-06,6.21289473202e-08,1.69861706922e-07,1.90540845324e-06,8.82634958543e-06
1622550735134518808,height,4,16,width,4,4,0,2.63815174151e-08,2.7065752306e-08,9.50511580555e-09,6.41964277293e-08,2.7065752306e-08,5.08787252329e-06,-1.31486402211e-07,1.6809627823e-07,9.50511580555e-09,-1.31486402211e-07,3.431594223e-06,1.85694671018e-06,6.41964277293e-08,1.6809627823e-07,1.85694671018e-06,8.91284253157e-06
1622550735566540849,height,4,16,width,4,4,0,2.61252495193e-08,2.26322196539e-08,7.44634087724e-09,6.23001668032e-08,2.26322196539e-08,5.06082005813e-06,-1.72079779759e-07,1.42140734738e-07,7.44634087724e-09,-1.72079779759e-07,3.44552904608e-06,1.91648655345e-06,6.23001668032e-08,1.42140734738e-07,1.91648655345e-06,8.92381558515e-06
1622550735856046510,height,4,16,width,4,4,0,2.62570196696e-08,2.24497416212e-08,5.66578206573e-09,5.97980402972e-08,2.24497416212e-08,5.16109776072e-06,-1.09267027426e-07,9.12062532166e-08,5.66578206573e-09,-1.09267027426e-07,3.36636639986e-06,1.84387431545e-06,5.97980402972e-08,9.12062532166e-08,1.84387431545e-06,8.84280962055e-06
1622550736339898792,height,4,16,width,4,4,0,2.6713287582e-08,2.2313292547e-08,7.79799158579e-09,6.48999289865e-08,2.2313292547e-08,5.06212427354e-06,-1.36368441872e-07,8.96771581438e-08,7.79799158579e-09,-1.36368441872e-07,3.42021007782e-06,1.85390990737e-06,6.48999289865e-08,8.96771581438e-08,1.85390990737e-06,8.81137657416e-06
1622550736683786845,height,4,16,width,4,4,0,0.00112465303391,0.0152740301564,-0.00135834433604,-0.0107809342444,0.0152740301564,0.217581033707,-0.0068919332698,-0.135370984674,-0.00135834433604,-0.0068919332698,0.112700559199,0.125033229589,-0.0107809342444,-0.135370984674,0.125033229589,0.218907266855
1622550737123476683,height,4,16,width,4,4,0,0.00256782816723,0.0348964966834,-0.00323747470975,-0.0247838124633,0.0348964966834,0.497479259968,-0.0193811971694,-0.313734233379,-0.00323747470975,-0.0193811971694,0.257694303989,0.285803228617,-0.0247838124633,-0.313734233379,0.285803228617,0.500524222851
1622550737415252428,height,4,16,width,4,4,0,0.00254959706217,0.0346859842539,-0.00330841890536,-0.02470549196,0.0346859842539,0.494279593229,-0.0225819516927,-0.314844548702,-0.00330841890536,-0.0225819516927,0.256112903357,0.283809155226,-0.02470549196,-0.314844548702,0.283809155226,0.496994048357
1622550737823001993,height,4,16,width,4,4,0,0.00252947420813,0.034393504262,-0.0042089112103,-0.0247262567282,0.034393504262,0.490109294653,-0.0338386185467,-0.313379526138,-0.0042089112103,-0.0338386185467,0.253842592239,0.28739374876,-0.0247262567282,-0.313379526138,0.28739374876,0.493023276329
1622550738207687234,height,4,16,width,4,4,0,2.61085215669e-08,2.52794194466e-08,5.19598275517e-09,6.07016730214e-08,2.52794194466e-08,5.0793732953e-06,-1.56494152748e-07,1.13345045349e-07,5.19598275517e-09,-1.56494152748e-07,3.43907140632e-06,1.89136426343e-06,6.07016730214e-08,1.13345045349e-07,1.89136426343e-06,8.84114069777e-06
1622550738645617267,height,4,16,width,4,4,0,2.64013468865e-08,2.05829326916e-08,9.04090047271e-09,6.38297379396e-08,2.05829326916e-08,5.04038371218e-06,-1.73053408048e-07,1.15946960477e-07,9.04090047271e-09,-1.73053408048e-07,3.47661352862e-06,1.92157995116e-06,6.38297379396e-08,1.15946960477e-07,1.92157995116e-06,8.80353763932e-06
1622550738998013995,height,4,16,width,4,4,0,2.61259067713e-08,2.30908732135e-08,1.08424842438e-08,6.39601296371e-08,2.30908732135e-08,5.02082320963e-06,-1.4485719646e-07,1.16574014442e-07,1.08424842438e-08,-1.4485719646e-07,3.41637996826e-06,1.93674713955e-06,6.39601296371e-08,1.16574014442e-07,1.93674713955e-06,8.83916800376e-06
1622550739354278355,height,4,16,width,4,4,0,2.6043409207e-08,2.11893915747e-08,6.50697939975e-09,6.4599198879e-08,2.11893915747e-08,5.01476733916e-06,-1.37109665843e-07,1.78557314712e-07,6.50697939975e-09,-1.37109665843e-07,3.41893223776e-06,1.86830141047e-06,6.4599198879e-08,1.78557314712e-07,1.86830141047e-06,8.77986531123e-06
1622550739742516642,height,4,16,width,4,4,0,2.60104169314e-08,2.47598919145e-08,9.24186682738e-09,6.30029504123e-08,2.47598919145e-08,4.99237376062e-06,-1.43448914969e-07,9.67663922324e-08,9.24186682738e-09,-1.43448914969e-07,3.40382371178e-06,1.9093931769e-06,6.30029504123e-08,9.67663922324e-08,1.9093931769e-06,8.75705973158e-06
1622550740127135158,height,4,16,width,4,4,0,2.59418566628e-08,2.27837304578e-08,6.5253700221e-09,6.42889617097e-08,2.27837304578e-08,5.05908974446e-06,-1.25778498727e-07,1.42083422361e-07,6.5253700221e-09,-1.25778498727e-07,3.39223197443e-06,1.86400757229e-06,6.42889617097e-08,1.42083422361e-07,1.86400757229e-06,8.85440658749e-06
1622550740507734986,height,4,16,width,4,4,0,2.63470170125e-08,2.40565380949e-08,5.59348567464e-09,6.28247533996e-08,2.40565380949e-08,5.06902597408e-06,-1.2469749322e-07,1.67139191376e-07,5.59348567464e-09,-1.2469749322e-07,3.44235195371e-06,1.87064074453e-06,6.28247533996e-08,1.67139191376e-07,1.87064074453e-06,8.95368975762e-06
1622550740891433477,height,4,16,width,4,4,0,2.60628123527e-08,2.45439988333e-08,6.16126039077e-09,6.10128907397e-08,2.45439988333e-08,5.08933408128e-06,-1.32540222353e-07,1.55992452733e-07,6.16126039077e-09,-1.32540222353e-07,3.43466672348e-06,1.84446935236e-06,6.10128907397e-08,1.55992452733e-07,1.84446935236e-06,8.74724628375e-06
1622550741276862230,height,4,16,width,4,4,0,0.0025120540522,0.0268760267645,-0.00158490368631,-0.0251576583833,0.0268760267645,0.304565787315,0.0219679512084,-0.215842202306,-0.00158490368631,0.0219679512084,0.132771715522,0.19213783741,-0.0251576583833,-0.215842202306,0.19213783741,0.491348385811
1622550741726674442,height,4,16,width,4,4,0,0.00248666550033,0.0224986057729,-0.00107292074244,-0.0249098669738,0.0224986057729,0.218149021268,0.0241947583854,-0.173950076103,-0.00107292074244,0.0241947583854,0.106756702065,0.168807923794,-0.0249098669738,-0.173950076103,0.168807923794,0.488153427839
1622550742056041864,height,4,16,width,4,4,0,0.00246543297544,0.0230570230633,-0.00233812397346,-0.0269231237471,0.0230570230633,0.223943591118,0.000405222235713,-0.222643002868,-0.00233812397346,0.000405222235713,0.122331224382,0.174938425422,-0.0269231237471,-0.222643002868,0.174938425422,0.483594626188
1622550742373135662,height,4,16,width,4,4,0,0.00116111908574,0.00565427355468,0.000382947269827,-0.0117607116699,0.00565427355468,0.0338482931256,0.0141231771559,-0.0264632701874,0.000382947269827,0.0141231771559,0.026370530948,0.0606160573661,-0.0117607116699,-0.0264632701874,0.0606160573661,0.280621677637
1622550742644116875,height,4,16,width,4,4,0,2.65043613723e-08,2.29002417029e-08,8.64428262304e-09,6.54815721646e-08,2.29002417029e-08,5.06712422066e-06,-1.34424652742e-07,1.71759225509e-07,8.64428262304e-09,-1.34424652742e-07,3.43960164173e-06,1.883187565e-06,6.54815721646e-08,1.71759225509e-07,1.883187565e-06,8.83917982719e-06
1622550743071352717,height,4,16,width,4,4,0,2.63174779747e-08,2.28279528613e-08,5.45637002247e-09,6.56168452906e-08,2.28279528613e-08,5.06131618749e-06,-1.41780290619e-07,1.05494876834e-07,5.45637002247e-09,-1.41780290619e-07,3.3933404211e-06,1.86534191471e-06,6.56168452906e-08,1.05494876834e-07,1.86534191471e-06,8.95601351658e-06
1622550743454610246,height,4,16,width,4,4,0,2.58776449158e-08,2.25288658839e-08,6.58403020992e-09,6.1076775637e-08,2.25288658839e-08,5.07765025759e-06,-1.7865987445e-07,2.1016784757e-08,6.58403020992e-09,-1.7865987445e-07,3.41464510711e-06,1.8903815544e-06,6.1076775637e-08,2.1016784757e-08,1.8903815544e-06,8.91306535777e-06
1622550743834898474,height,4,16,width,4,4,0,2.62116000016e-08,2.34785435538e-08,6.65309629611e-09,6.20997582246e-08,2.34785435538e-08,5.00813257531e-06,-7.79356028602e-08,2.0051381e-07,6.65309629611e-09,-7.79356028602e-08,3.41826353178e-06,1.92437437363e-06,6.20997582246e-08,2.0051381e-07,1.92437437363e-06,8.77865295479e-06
1622550744220208303,height,4,16,width,4,4,0,2.59332857411e-08,2.10409343282e-08,1.08973150503e-08,6.21756797159e-08,2.10409343282e-08,5.07707773068e-06,-1.10167370337e-07,1.3663958498e-07,1.08973150503e-08,-1.10167370337e-07,3.40144606525e-06,1.86773581845e-06,6.21756797159e-08,1.3663958498e-07,1.86773581845e-06,8.95809625945e-06
1622550744650594254,height,4,16,width,4,4,0,2.61295323156e-08,2.43708431213e-08,8.25039236929e-09,6.69156960953e-08,2.43708431213e-08,5.04743366037e-06,-1.29463501253e-07,1.36383462745e-07,8.25039236929e-09,-1.29463501253e-07,3.39971029462e-06,1.92351399164e-06,6.69156960953e-08,1.36383462745e-07,1.92351399164e-06,8.83933626028e-06
1622550744996134736,height,4,16,width,4,4,0,2.65211301809e-08,2.55114649406e-08,8.93036933292e-09,6.67278428068e-08,2.55114649406e-08,5.13410941494e-06,-1.57428061698e-07,1.4026464612e-07,8.93036933292e-09,-1.57428061698e-07,3.39755706591e-06,1.88061551398e-06,6.67278428068e-08,1.4026464612e-07,1.88061551398e-06,8.94376898941e-06
1622550745371650246,height,4,16,width,4,4,0,2.6326549829e-08,2.30356871356e-08,8.13922618192e-09,6.17552871063e-08,2.30356871356e-08,5.02593229612e-06,-1.4279784466e-07,1.44608762298e-07,8.13922618192e-09,-1.4279784466e-07,3.46920955963e-06,1.92395100385e-06,6.17552871063e-08,1.44608762298e-07,1.92395100385e-06,8.86313591764e-06
1622550745760502423,height,4,16,width,4,4,0,0.00251468014903,0.0298454258591,-0.000148890278069,-0.0181283224374,0.0298454258591,0.406097382307,0.0645199343562,-0.0922318696976,-0.000148890278069,0.0645199343562,0.101301029325,0.189564689994,-0.0181283224374,-0.0922318696976,0.189564689994,0.485070109367
1622550746146943822,height,4,16,width,4,4,0,0.00253629079089,0.0318872779608,-0.000829538912512,-0.0180920138955,0.0318872779608,0.461897552013,0.0720611736178,-0.0998508781195,-0.000829538912512,0.0720611736178,0.148757815361,0.236922457814,-0.0180920138955,-0.0998508781195,0.236922457814,0.492136925459
1622550746533615576,height,4,16,width,4,4,0,0.00252112629823,0.031875371933,-0.00167371029966,-0.0181405302137,0.031875371933,0.466459602118,0.0713720917702,-0.0996174365282,-0.00167371029966,0.0713720917702,0.181612476707,0.266189604998,-0.0181405302137,-0.0996174365282,0.266189604998,0.492090582848
1622550746903366927,height,4,16,width,4,4,0,0.000259628577624,0.00322207063437,-0.000217725901166,-0.00181769300252,0.00322207063437,0.0475800186396,0.00771796423942,-0.008105808869,-0.000217725901166,0.00771796423942,0.0193754769862,0.0282758437097,-0.00181769300252,-0.008105808869,0.0282758437097,0.0503904744983
1622550747299527073,height,4,16,width,4,4,0,2.63347921248e-08,2.42308857423e-08,5.89336357493e-09,6.28072882591e-08,2.42308857423e-08,5.06215837959e-06,-1.51526776904e-07,1.22405822367e-07,5.89336357493e-09,-1.51526776904e-07,3.3765511489e-06,1.91087906387e-06,6.28072882591e-08,1.22405822367e-07,1.91087906387e-06,8.8277802206e-06
1622550747684786454,height,4,16,width,4,4,0,2.59549626236e-08,2.50008902469e-08,6.50957465709e-09,6.39543031866e-08,2.50008902469e-08,5.01920612805e-06,-1.59161146485e-07,1.12638737448e-07,6.50957465709e-09,-1.59161146485e-07,3.41197710441e-06,1.85567489552e-06,6.39543031866e-08,1.12638737448e-07,1.85567489552e-06,8.85197641765e-06
1622550748069756755,height,4,16,width,4,4,0,2.60019863418e-08,2.39990640694e-08,6.98571156477e-09,5.97482454623e-08,2.39990640694e-08,5.01170643474e-06,-1.23656903384e-07,5.6794366543e-08,6.98571156477e-09,-1.23656903384e-07,3.38119320986e-06,1.83985764579e-06,5.97482454623e-08,5.6794366543e-08,1.83985764579e-06,8.72001328389e-06
1622550748441791194,height,4,16,width,4,4,0,2.66357034207e-08,2.60717669676e-08,6.75902844804e-09,6.71049775747e-08,2.60717669676e-08,5.08662242282e-06,-1.15614383844e-07,1.1450524795e-07,6.75902844804e-09,-1.15614383844e-07,3.36208313456e-06,1.82043254426e-06,6.71049775747e-08,1.1450524795e-07,1.82043254426e-06,8.67392736836e-06
1622550748824210541,height,4,16,width,4,4,0,2.61798795975e-08,2.41307347437e-08,8.14363687596e-09,6.52181029182e-08,2.41307347437e-08,5.12673341291e-06,-1.69482447632e-07,1.41894091144e-07,8.14363687596e-09,-1.69482447632e-07,3.42407520293e-06,1.87095474757e-06,6.52181029182e-08,1.41894091144e-07,1.87095474757e-06,8.74107172422e-06
1622550749212179530,height,4,16,width,4,4,0,2.61015795644e-08,2.74542362177e-08,8.11953349e-09,6.79397018644e-08,2.74542362177e-08,5.07353479406e-06,-1.32132740305e-07,1.38400594096e-07,8.11953349e-09,-1.32132740305e-07,3.42080352311e-06,1.87854561773e-06,6.79397018644e-08,1.38400594096e-07,1.87854561773e-06,8.87056012289e-06
1622550749605302862,height,4,16,width,4,4,0,2.62086992109e-08,2.23631069218e-08,5.91685589413e-09,6.1150046804e-08,2.23631069218e-08,5.08585208081e-06,-1.37060041538e-07,1.11619876009e-07,5.91685589413e-09,-1.37060041538e-07,3.39465918842e-06,1.85306839739e-06,6.1150046804e-08,1.11619876009e-07,1.85306839739e-06,8.73895987752e-06
1622550749981489755,height,4,16,width,4,4,0,2.61536339252e-08,2.0463790662e-08,9.36862587508e-09,6.69218778171e-08,2.0463790662e-08,5.1028055168e-06,-1.66498793419e-07,1.11945638537e-07,9.36862587508e-09,-1.66498793419e-07,3.43609826814e-06,1.85919157047e-06,6.69218778171e-08,1.11945638537e-07,1.85919157047e-06,8.82179028849e-06
1622550750426092486,height,4,16,width,4,4,0,0.00181590754073,0.01080590114,0.000585879140999,-0.0141681134701,0.01080590114,0.0881383270025,0.0240092463791,0.000841160595883,0.000585879140999,0.0240092463791,0.0185790024698,0.071794167161,-0.0141681134701,0.000841160595883,0.071794167161,0.43023699522
1622550750811829004,height,4,16,width,4,4,0,0.00236761057749,0.0187418311834,-0.000220906702452,-0.0178469438106,0.0187418311834,0.180020868778,0.0320012792945,-0.0439355634153,-0.000220906702452,0.0320012792945,0.0395727045834,0.115508772433,-0.0178469438106,-0.0439355634153,0.115508772433,0.466325670481
1622550751209539095,height,4,16,width,4,4,0,0.00248113949783,0.0264592524618,-0.000985068036243,-0.0190954189748,0.0264592524618,0.321639329195,0.044746492058,-0.0972582474351,-0.000985068036243,0.044746492058,0.090870320797,0.181329473853,-0.0190954189748,-0.0972582474351,0.181329473853,0.484364598989
1622550751644619567,height,4,16,width,4,4,0,2.61426702508e-08,2.2799486743e-08,7.2392780659e-09,6.9264089575e-08,2.2799486743e-08,5.00091891809e-06,-1.38738386113e-07,1.38794817417e-07,7.2392780659e-09,-1.38738386113e-07,3.44073146152e-06,1.95611914933e-06,6.9264089575e-08,1.38794817417e-07,1.95611914933e-06,8.98261987459e-06
1622550752041189183,height,4,16,width,4,4,0,2.63654769128e-08,2.34172485847e-08,4.87151208262e-09,6.14146387079e-08,2.34172485847e-08,5.05653633809e-06,-1.36750088586e-07,7.29141191869e-08,4.87151208262e-09,-1.36750088586e-07,3.44421573573e-06,1.86584077255e-06,6.14146387079e-08,7.29141191869e-08,1.86584077255e-06,8.83412121766e-06
1622550752420323040,height,4,16,width,4,4,0,2.61303298998e-08,2.38188366808e-08,6.05148775534e-09,6.20864071266e-08,2.38188366808e-08,5.06898686581e-06,-1.4700633244e-07,9.13872000297e-08,6.05148775534e-09,-1.4700633244e-07,3.4056399727e-06,1.90061393823e-06,6.20864071266e-08,9.13872000297e-08,1.90061393823e-06,8.8512970251e-06
1622550752804198402,height,4,16,width,4,4,0,2.62109072224e-08,2.34127313092e-08,8.09719313821e-09,6.48499636213e-08,2.34127313092e-08,5.17307171322e-06,-1.58207313916e-07,1.29057426079e-07,8.09719313821e-09,-1.58207313916e-07,3.44652153217e-06,1.87457953871e-06,6.48499636213e-08,1.29057426079e-07,1.87457953871e-06,8.91190029506e-06
1622550753176411298,height,4,16,width,4,4,0,2.62385153604e-08,2.11511324011e-08,8.39136404807e-09,6.2137573309e-08,2.11511324011e-08,5.12422457177e-06,-1.70993700976e-07,1.60834318308e-07,8.39136404807e-09,-1.70993700976e-07,3.39807070304e-06,1.83059705705e-06,6.2137573309e-08,1.60834318308e-07,1.83059705705e-06,8.61571606947e-06
1622550753565477020,height,4,16,width,4,4,0,2.6269919573e-08,2.56950531963e-08,1.02082653441e-08,6.14923791886e-08,2.56950531963e-08,5.02534840052e-06,-1.22549451476e-07,9.9225665906e-08,1.02082653441e-08,-1.22549451476e-07,3.38783593179e-06,1.80894119239e-06,6.14923791886e-08,9.9225665906e-08,1.80894119239e-06,8.62650631461e-06
1622550753948819047,height,4,16,width,4,4,0,2.62140567031e-08,2.38281003817e-08,7.72435182483e-09,6.64757138225e-08,2.38281003817e-08,5.11032112627e-06,-1.22262449054e-07,1.56257442541e-07,7.72435182483e-09,-1.22262449054e-07,3.41365580425e-06,1.83161807854e-06,6.64757138225e-08,1.56257442541e-07,1.83161807854e-06,8.75683690538e-06
1622550754333341099,height,4,16,width,4,4,0,2.6114221896e-08,2.20816165353e-08,9.6105043923e-09,6.83271679236e-08,2.20816165353e-08,5.06294327351e-06,-1.53077806431e-07,9.27401231365e-08,9.6105043923e-09,-1.53077806431e-07,3.39332382282e-06,1.87406476471e-06,6.83271679236e-08,9.27401231365e-08,1.87406476471e-06,8.82042422745e-06
1622550754722129621,height,4,16,width,4,4,0,0.00239989580587,0.0178438313305,-0.002683772007,-0.0317692570388,0.0178438313305,0.141922354698,-0.0428254082799,-0.250395864248,-0.002683772007,-0.0428254082799,0.0793499276042,0.0884151086211,-0.0317692570388,-0.250395864248,0.0884151086211,0.462956994772
1622550755106009893,height,4,16,width,4,4,0,0.00240249722265,0.0213408172131,-0.00443022698164,-0.0320899561048,0.0213408172131,0.203473582864,-0.067562520504,-0.296033322811,-0.00443022698164,-0.067562520504,0.0827102214098,0.0921996831894,-0.0320899561048,-0.296033322811,0.0921996831894,0.449551671743
1622550755485806100,height,4,16,width,4,4,0,0.00210768845864,0.0154988784343,-0.00293948198669,-0.0276286490262,0.0154988784343,0.126999884844,-0.0441295988858,-0.208469703794,-0.00293948198669,-0.0441295988858,0.0478591434658,0.0521602034569,-0.0276286490262,-0.208469703794,0.0521602034569,0.369769841433
1622550755882828047,height,4,16,width,4,4,0,2.63254467114e-08,2.19450093653e-08,1.23630909954e-08,6.70434019412e-08,2.19450093653e-08,5.07611139255e-06,-1.55837156512e-07,1.50641923824e-07,1.23630909954e-08,-1.55837156512e-07,3.43627834809e-06,1.91261983673e-06,6.70434019412e-08,1.50641923824e-07,1.91261983673e-06,8.87391888682e-06
1622550756251705166,height,4,16,width,4,4,0,2.6004565612e-08,2.39540671743e-08,1.19999592485e-08,6.42748076984e-08,2.39540671743e-08,5.0204002946e-06,-1.31438071094e-07,8.07767577271e-08,1.19999592485e-08,-1.31438071094e-07,3.41369582202e-06,1.82474911981e-06,6.42748076984e-08,8.07767577271e-08,1.82474911981e-06,8.73763474374e-06
1622550756642698130,height,4,16,width,4,4,0,2.60016950193e-08,2.21716742743e-08,1.05286872554e-08,7.08604019906e-08,2.21716742743e-08,5.05870366396e-06,-1.65014469644e-07,1.13221034326e-07,1.05286872554e-08,-1.65014469644e-07,3.39760367751e-06,1.83148324595e-06,7.08604019906e-08,1.13221034326e-07,1.83148324595e-06,8.76885314938e-06
1622550757026377502,height,4,16,width,4,4,0,2.6327908742e-08,2.29286154507e-08,1.00164427863e-08,6.77381777336e-08,2.29286154507e-08,5.10424024469e-06,-1.25278447172e-07,1.57377670007e-07,1.00164427863e-08,-1.25278447172e-07,3.38987638315e-06,1.88540832369e-06,6.77381777336e-08,1.57377670007e-07,1.88540832369e-06,8.7831476776e-06
1622550757406686432,height,4,16,width,4,4,0,2.63123016708e-08,2.60176964417e-08,7.01583058316e-09,6.58558576561e-08,2.60176964417e-08,5.08887251272e-06,-1.2641550029e-07,1.72596031689e-07,7.01583058316e-09,-1.2641550029e-07,3.40502720064e-06,1.83914050922e-06,6.58558576561e-08,1.72596031689e-07,1.83914050922e-06,8.74984289112e-06
1622550757785718258,height,4,16,width,4,4,0,2.61762558296e-08,2.29801067064e-08,9.48147604873e-09,6.63848140903e-08,2.29801067064e-08,5.01217937199e-06,-1.53401259695e-07,1.39304077607e-07,9.48147604873e-09,-1.53401259695e-07,3.41016379934e-06,1.82867734111e-06,6.63848140903e-08,1.39304077607e-07,1.82867734111e-06,8.78389255377e-06
1622550758173025381,height,4,16,width,4,4,0,2.60327954749e-08,2.14631992179e-08,1.107771741e-08,6.86090189106e-08,2.14631992179e-08,5.04086847286e-06,-9.71607789779e-08,1.29740669763e-07,1.107771741e-08,-9.71607789779e-08,3.3794576666e-06,1.81692405476e-06,6.86090189106e-08,1.29740669763e-07,1.81692405476e-06,8.73406679602e-06
1622550758555068627,height,4,16,width,4,4,0,2.63909818443e-08,2.38635724514e-08,6.3650889004e-09,6.07863483992e-08,2.38635724514e-08,5.06326750838e-06,-1.27843662767e-07,1.77673314283e-07,6.3650889004e-09,-1.27843662767e-07,3.3941601032e-06,1.84650104984e-06,6.07863483992e-08,1.77673314283e-07,1.84650104984e-06,8.77715501701e-06
1622550758936714279,height,4,16,width,4,4,0,2.62705324161e-08,1.65064406588e-08,9.52174161739e-09,6.18406659214e-08,1.65064406588e-08,5.04028821524e-06,-1.20486816968e-07,1.41754398442e-07,9.52174161739e-09,-1.20486816968e-07,3.32574450113e-06,1.81483653705e-06,6.18406659214e-08,1.41754398442e-07,1.81483653705e-06,8.74530724104e-06
1622550759328098621,height,4,16,width,4,4,0,0.00251500518061,0.0327680259943,-0.00707888090983,-0.0318144410849,0.0327680259943,0.440643936396,-0.112202323973,-0.427406281233,-0.00707888090983,-0.112202323973,0.188664466143,0.202557697892,-0.0318144410849,-0.427406281233,0.202557697892,0.483549684286
1622550759712511151,height,4,16,width,4,4,0,0.0025631589815,0.0347261317074,-0.00630377139896,-0.0289766155183,0.0347261317074,0.491777718067,-0.0699837580323,-0.379971653223,-0.00630377139896,-0.0699837580323,0.25451746583,0.271389275789,-0.0289766155183,-0.379971653223,0.271389275789,0.499929964542
1622550760085717289,height,4,16,width,4,4,0,0.00257964618504,0.0348671786487,-0.00578574929386,-0.0264640767127,0.0348671786487,0.499877363443,-0.0381774194539,-0.320040255785,-0.00578574929386,-0.0381774194539,0.261766463518,0.297543972731,-0.0264640767127,-0.320040255785,0.297543972731,0.504979372025
1622550760478512432,height,4,16,width,4,4,0,2.62553445651e-08,2.71918469963e-08,7.6388415593e-09,6.1348551128e-08,2.71918469963e-08,4.99383713759e-06,-1.33581579576e-07,1.70409890643e-07,7.6388415593e-09,-1.33581579576e-07,3.39647044711e-06,1.8820862806e-06,6.1348551128e-08,1.70409890643e-07,1.8820862806e-06,8.82712174644e-06
1622550760872923041,height,4,16,width,4,4,0,2.60720405265e-08,2.34739232496e-08,7.05155356329e-09,6.51839897614e-08,2.34739232496e-08,5.15572492077e-06,-1.08875781279e-07,1.50260220266e-07,7.05155356329e-09,-1.08875781279e-07,3.39693519891e-06,1.89363822756e-06,6.51839897614e-08,1.50260220266e-07,1.89363822756e-06,8.83621487446e-06
1622550761254843149,height,4,16,width,4,4,0,2.59050931817e-08,2.27239258521e-08,6.91797508168e-09,6.76096760799e-08,2.27239258521e-08,5.10281597599e-06,-1.52103524442e-07,3.82693379208e-08,6.91797508168e-09,-1.52103524442e-07,3.43940678249e-06,1.88927185718e-06,6.76096760799e-08,3.82693379208e-08,1.88927185718e-06,8.8334099928e-06
1622550761625640505,height,4,16,width,4,4,0,2.61508272814e-08,2.22914309234e-08,9.82451986431e-09,6.67902000373e-08,2.22914309234e-08,5.10559630129e-06,-2.07054952739e-07,5.56823103182e-08,9.82451986431e-09,-2.07054952739e-07,3.41303166351e-06,1.85915064321e-06,6.67902000373e-08,5.56823103182e-08,1.85915064321e-06,8.82789026946e-06
1622550762009159069,height,4,16,width,4,4,0,2.61821551106e-08,2.02168273233e-08,1.01071933045e-08,6.83559235881e-08,2.02168273233e-08,5.07896720592e-06,-9.6857498022e-08,1.93591830566e-07,1.01071933045e-08,-9.6857498022e-08,3.39852067555e-06,1.79497078534e-06,6.83559235881e-08,1.93591830566e-07,1.79497078534e-06,8.72658074513e-06
1622550762395076777,height,4,16,width,4,4,0,2.65140105427e-08,2.60386148199e-08,6.03090111184e-09,7.05421996372e-08,2.60386148199e-08,5.08050425196e-06,-1.72481705363e-07,8.32902742331e-08,6.03090111184e-09,-1.72481705363e-07,3.41850818586e-06,1.84045222795e-06,7.05421996372e-08,8.32902742331e-08,1.84045222795e-06,8.87280111783e-06
1622550762790164906,height,4,16,width,4,4,0,2.63745754125e-08,2.787870379e-08,8.78975203733e-09,6.30151859582e-08,2.787870379e-08,5.12878159498e-06,-1.44337818142e-07,1.31838106654e-07,8.78975203733e-09,-1.44337818142e-07,3.37436040354e-06,1.87400701179e-06,6.30151859582e-08,1.31838106654e-07,1.87400701179e-06,8.80431161931e-06
1622550763160256421,height,4,16,width,4,4,0,2.63204622541e-08,2.17617603937e-08,9.47139700003e-09,6.74252191857e-08,2.17617603937e-08,5.09353549205e-06,-1.31203137244e-07,1.04926286326e-07,9.47139700003e-09,-1.31203137244e-07,3.40907195095e-06,1.88351816632e-06,6.74252191857e-08,1.04926286326e-07,1.88351816632e-06,8.87839632924e-06
1622550763555994586,height,4,16,width,4,4,0,0.0025513342116,0.0346135646105,-0.00715328380466,-0.0296684317291,0.0346135646105,0.493373811245,-0.0708956494927,-0.381799668074,-0.00715328380466,-0.0708956494927,0.253023654222,0.269045174122,-0.0296684317291,-0.381799668074,0.269045174122,0.498193025589
1622550763931490024,height,4,16,width,4,4,0,0.0025580576621,0.0343388095498,-0.0105935484171,-0.0304222628474,0.0343388095498,0.487829744816,-0.109716258943,-0.381215423346,-0.0105935484171,-0.109716258943,0.256100952625,0.295822381973,-0.0304222628474,-0.381215423346,0.295822381973,0.501349329948
1622550764322112445,height,4,16,width,4,4,0,0.00255032000132,0.0342142209411,-0.0104900253937,-0.030073383823,0.0342142209411,0.48532474041,-0.10807056725,-0.375386804342,-0.0104900253937,-0.10807056725,0.25556203723,0.297348797321,-0.030073383823,-0.375386804342,0.297348797321,0.500212132931
1622550764703847650,height,4,16,width,4,4,0,0.00174074317329,0.0234640277922,-0.00705621298403,-0.0201814584434,0.0234640277922,0.335306376219,-0.0721547752619,-0.251530766487,-0.00705621298403,-0.0721547752619,0.17576739192,0.206105783582,-0.0201814584434,-0.251530766487,0.206105783582,0.341565907001
1622550765084895692,height,4,16,width,4,4,0,2.61210040264e-08,2.19259597145e-08,9.68802638113e-09,6.66258586079e-08,2.19259597145e-08,5.07216100232e-06,-1.40754536915e-07,1.42450005569e-07,9.68802638113e-09,-1.40754536915e-07,3.38663676303e-06,1.81713801339e-06,6.66258586079e-08,1.42450005569e-07,1.81713801339e-06,8.68683218869e-06
1622550765470790772,height,4,16,width,4,4,0,2.59286334625e-08,2.60670791619e-08,5.73639580281e-09,6.59442491724e-08,2.60670791619e-08,5.09574920216e-06,-1.34596447765e-07,1.12016969922e-07,5.73639580281e-09,-1.34596447765e-07,3.37449318977e-06,1.88270973922e-06,6.59442491724e-08,1.12016969922e-07,1.88270973922e-06,8.86139514478e-06
1622550765856488586,height,4,16,width,4,4,0,2.59883119469e-08,2.37285089355e-08,5.60034152386e-09,6.5586192477e-08,2.37285089355e-08,4.99029329148e-06,-1.31525993652e-07,9.83522312481e-08,5.60034152386e-09,-1.31525993652e-07,3.38660561283e-06,1.84006694326e-06,6.5586192477e-08,9.83522312481e-08,1.84006694326e-06,8.69992345542e-06
1622550766247170825,height,4,16,width,4,4,0,2.60053543144e-08,2.13020250328e-08,9.14164921539e-09,6.58922729713e-08,2.13020250328e-08,5.04233094034e-06,-1.65981163036e-07,7.41070351751e-08,9.14164921539e-09,-1.65981163036e-07,3.38536597155e-06,1.8076723336e-06,6.58922729713e-08,7.41070351751e-08,1.8076723336e-06,8.71733845997e-06
1622550766627823793,height,4,16,width,4,4,0,2.61311612348e-08,2.22519815907e-08,1.06079447448e-08,6.24094553814e-08,2.22519815907e-08,5.02325156049e-06,-1.53483924237e-07,7.05552523073e-08,1.06079447448e-08,-1.53483924237e-07,3.37458391186e-06,1.85327917279e-06,6.24094553814e-08,7.05552523073e-08,1.85327917279e-06,8.74894431036e-06
1622550767014512279,height,4,16,width,4,4,0,2.62794852546e-08,2.3821122852e-08,1.32266197994e-08,6.56246399444e-08,2.3821122852e-08,4.98563576912e-06,-1.61976885238e-07,1.16017936591e-07,1.32266197994e-08,-1.61976885238e-07,3.42172575074e-06,1.8994594484e-06,6.56246399444e-08,1.16017936591e-07,1.8994594484e-06,8.69774339662e-06
1622550767398646899,height,4,16,width,4,4,0,2.61430752602e-08,2.75568226016e-08,9.17053721849e-09,6.93792827633e-08,2.75568226016e-08,5.09024494022e-06,-1.61559995604e-07,1.53639717837e-07,9.17053721849e-09,-1.61559995604e-07,3.38327731697e-06,1.76316063971e-06,6.93792827633e-08,1.53639717837e-07,1.76316063971e-06,8.69492214406e-06
1622550767772514747,height,4,16,width,4,4,0,2.61850949812e-08,2.27483862858e-08,1.04702806425e-08,6.54451355331e-08,2.27483862858e-08,5.04786066813e-06,-1.23815866004e-07,1.59764141472e-07,1.04702806425e-08,-1.23815866004e-07,3.39413259098e-06,1.84310079021e-06,6.54451355331e-08,1.59764141472e-07,1.84310079021e-06,8.75010755408e-06
1622550768156389850,height,4,16,width,4,4,0,0.0025620853994,0.0346632003784,-0.0056635835208,-0.027231214568,0.0346632003784,0.494998812675,-0.0384998843074,-0.333608299494,-0.0056635835208,-0.0384998843074,0.255952566862,0.283969819546,-0.027231214568,-0.333608299494,0.283969819546,0.500169336796
